STABR,YEAR,POPU_LSA,CENTLIB,BRANLIB,BKMOB,BKVOL,EBOOK,VISITS
AK,2020,644542,79,15,1,2106328,1650561,2480271
AL,2020,4887871,224,72,15,8470866,8289622,7959151
AR,2020,2935531,59,168,3,5643453,5549449,4058477
AS,2020,57637,1,1,0,44530,7303,25413
AZ,2020,11495065,84,138,9,7351702,11051177,16665171
CA,2020,39767327,199,973,54,55900399,35502503,95821437
CO,2020,5716398,95,168,12,9303385,6373535,9320267
CT,2020,4329754,191,45,5,12669212,2853186,14204846
DC,2020,689545,1,26,0,201230,38623,1852701
DE,2020,973757,19,14,2,1426697,605388,2744471
FL,2020,21888745,56,480,21,24039560,12547497,34862119
GA,2020,10833472,60,332,9,14732883,2955286,18209721
GU,2020,168678,1,5,0,286930,0,35115
HI,2020,1415872,1,50,2,3173711,135098,2597672
IA,2020,3106611,543,24,4,11451719,27325516,11854428
ID,2020,1535815,100,49,13,4251260,1300365,4533303
IL,2020,11736506,623,152,17,37805583,42992157,50159232
IN,2020,6210308,235,192,26,21041922,16474133,12760976
KS,2020,2519540,324,47,9,8438280,110248113,5433344
KY,2020,4475071,120,84,72,8990741,19259500,11430998
LA,2020,4595036,67,269,25,11046145,6505598,6634013
MA,2020,6901795,369,92,6,28468380,24536003,26967040
MD,2020,6052177,14,175,21,10419314,4041826,17483983
ME,2020,1315468,255,4,1,6093087,4997940,3964950
MI,2020,9857597,393,254,10,25321988,23415554,33880114
MN,2020,6033891,127,228,9,13476766,4963515,7863564
MO,2020,5463832,139,227,24,15332105,7511565,19758877
MP,2020,53883,1,2,1,83624,5500,44710
MS,2020,2996401,53,176,3,5375400,867166,3494007
MT,2020,988533,82,34,8,2392780,3256787,2982245
NC,2020,10487088,71,318,21,15011479,9941227,21615878
ND,2020,687262,79,8,10,2093137,1547516,912480
NE,2020,1595049,244,20,7,5544038,5425825,3613263
NH,2020,1476655,224,6,0,5368969,8903890,3458789
NJ,2020,9404597,296,144,11,24795909,26702512,13375081
NM,2020,1502038,98,28,1,3905749,1099897,4679185
NV,2020,3111753,20,64,4,3317983,719992,6858254
NY,2020,19568973,755,314,14,63897822,50893315,37763326
OH,2020,11510799,239,483,55,37088876,121452502,44225213
OK,2020,3255364,119,96,4,5799339,7166584,9563212
OR,2020,4677994,138,83,5,8587061,11633991,13501598
PA,2020,12436746,443,175,21,23440175,11320142,16920514
RI,2020,1424662,47,24,2,3080587,5159507,3701021
SC,2020,4652360,42,163,33,8223237,5318132,10165262
SD,2020,1277428,108,30,5,2698945,2307345,1480357
TN,2020,6656447,185,99,3,10275228,26243486,12990646
TX,2020,26710375,553,327,13,34571175,17065978,35191610
UT,2020,3141334,62,63,13,6267986,6468692,8589522
VA,2020,8460940,82,283,23,14920907,20238130,23266470
VI,2020,106405,0,5,3,176762, , 
VT,2020,634191,183,3,4,2918311,2024971,2506720
WA,2020,7544343,52,301,30,11617107,4942445,9749970
WI,2020,5854594,378,81,8,17675746,59778512,12743232
WV,2020,1852994,96,74,9,4565740,11160770,3250156
WY,2020,578759,23,51,2,2056842,2209890,2257827
AK,2019,649334,80,15,1,2232659,1488545,3109280
AL,2019,4874747,223,72,14,8693533,8968322,14451907
AR,2019,2891314,60,167,3,5897291,3909643,9235711
AS,2019,58500,1,1,0,44397,1265,40307
AZ,2019,11332976,84,139,10,7632129,9211176,23446011
CA,2019,39911441,201,972,53,60245875,22165644,148410446
CO,2019,5662210,95,168,14,9485445,4547944,29581592
CT,2019,4349902,192,46,5,13114727,2793723,20128731
DC,2019,705749,0,26,0,970927,32427,3820005
DE,2019,967974,19,14,2,1452621,539458,4056165
FL,2019,21503969,60,480,20,26035166,10571615,63288735
GA,2019,10766121,61,338,9,15817114,1175116,26002521
GU,2019,168678,1,5,0,278963,0,100095
HI,2019,1420593,1,50,2,2895611,104812,3435595
IA,2019,3095494,543,24,4,11602054,22220442,16447394
ID,2019,1506630,100,50,12,4238484,831813,8291157
IL,2019,11730170,623,156,17,38460088,33600083,60853034
IN,2019,6207854,235,189,26,21183322,12359334,30246982
KS,2019,2510916,324,47,8,8659726,42365426,13463340
KY,2019,4461272,120,84,72,9143825,17177939,16156952
LA,2019,4609199,67,270,26,11417466,8437382,15934343
MA,2019,6816486,369,92,6,28936651,16981346,39203478
MD,2019,6016447,14,176,21,10076618,3022499,24904544
ME,2019,1311255,256,4,1,6094863,2898805,6645905
MI,2019,9850649,393,251,9,25927628,16143669,43740673
MN,2019,5965664,128,227,9,13474520,6133793,21901792
MO,2019,5463832,139,227,24,15462067,9597848,24163531
MP,2019,51433,1,2,1,82199,5000,147983
MS,2019,3005673,53,180,2,5464245,1244740,6982767
MT,2019,988533,82,35,8,2411720,2136583,4052887
NC,2019,10401960,70,322,21,15426176,9483200,30188495
ND,2019,684668,79,8,11,2118987,1159194,2074416
NE,2019,1591793,244,19,7,5595647,4973659,7164122
NH,2019,1476655,224,6,0,5548739,6442614,6849464
NJ,2019,9404597,296,144,11,25058134,13326880,42035525
NM,2019,1501042,97,28,1,4072650,808220,6829489
NV,2019,3056542,20,65,3,3688336,834038,9391337
NY,2019,19563197,755,314,13,64494140,38646567,95175355
OH,2019,11510799,239,481,56,37946591,110549795,67937539
OK,2019,3244166,119,96,4,6152180,5813651,13168513
OR,2019,3878377,136,85,6,8729458,8347290,19632424
PA,2019,12446590,448,174,21,23930321,12507394,40275669
RI,2019,1424662,47,24,2,3144045,3565311,5170991
SC,2019,4652360,42,160,31,8483320,3792237,13591790
SD,2019,1270281,111,30,4,2767347,2112628,3692708
TN,2019,6600484,186,98,3,10883669,25323904,18036275
TX,2019,26435056,553,328,12,36611607,12865278,66097346
UT,2019,3096581,61,61,13,6358748,3911044,14821815
VA,2019,8403629,82,282,23,15399727,15224705,33548345
VI,2019,106405,0,5,3,176762, , 
VT,2019,631386,183,3,4,2922933,1532115,3480676
WA,2019,7436699,52,298,30,11857230,5303739,36055237
WI,2019,5843443,378,82,6,17776511,60199227,29071153
WV,2019,1852994,97,73,9,4735712,9084892,4666875
WY,2019,577737,23,53,2,2247490,1396463,3124031
AK,2018,651866,81,15,1,2316276,1424911,3288344
AL,2018,4863300,223,73,14,8661510,7435774,14191772
AR,2018,2925255,60,169,3,5868485,2834473,9551686
AS,2018,59600,1,1,0,43843,1265,48828
AZ,2018,11163726,84,138,10,7735596,6632211,23439707
CA,2018,39792954,199,971,52,65468846,16267659,160320583
CO,2018,5576888,96,167,13,9573880,3500009,31085356
CT,2018,4367169,192,47,5,13473862,2796190,20423515
DC,2018,702455,0,26,0,1003834,30301,3632539
DE,2018,967974,19,14,2,1391278,517986,4122181
FL,2018,21495360,60,477,20,26890473,6634914,68479850
GA,2018,10637029,62,333,9,15566186,865932,26835701
GU,2018,167358,1,5,0,276631,0,75119
HI,2018,1427538,1,50,2,2904696,93179,3456131
IA,2018,3096822,544,24,4,11835480,20303893,16676677
ID,2018,1430095,100,49,12,4208402,594463,8180954
IL,2018,11725902,623,161,16,39423902,28046304,63475941
IN,2018,6207854,235,190,23,21346938,9472517,30836051
KS,2018,2510372,324,46,8,8793941,36765582,13483333
KY,2018,4461587,120,84,73,8926591,15485842,17013207
LA,2018,4682276,67,270,24,11589362,5364069,16227594
MA,2018,6823450,369,92,7,29215324,19092481,39926583
MD,2018,6006401,15,177,22,10750102,2283056,24976429
ME,2018,1315477,256,4,1,6082328,2573626,6747975
MI,2018,9852214,395,248,8,27293955,11666961,44766519
MN,2018,5918676,128,228,9,13594159,5874320,22952388
MO,2018,5483526,140,226,23,15968472,6401557,24691684
MP,2018,51994,1,2,1,92000,5000,126778
MS,2018,3005062,53,183,3,5570047,1107029,7608881
MT,2018,988533,82,36,6,2448227,1589175,4332900
NC,2018,10272692,69,321,20,15446036,8015383,31263894
ND,2018,684807,78,8,12,2176439,1034484,2217929
NE,2018,1584326,245,19,8,5642522,4665489,7456884
NH,2018,1463071,225,6,0,5689733,6194874,7045010
NJ,2018,9403702,295,143,12,25699210,10043792,40960712
NM,2018,1499356,96,28,1,4182485,857894,6908686
NV,2018,2985676,20,64,3,3841636,603035,9334070
NY,2018,19548630,755,313,12,65596015,33912817,97921323
OH,2018,11502271,239,479,56,39485746,98929578,68176967
OK,2018,3235213,119,96,3,6230792,4763448,13399265
OR,2018,3799025,134,87,6,8798725,7303131,19657317
PA,2018,12442813,447,174,22,24144319,27988200,40885876
RI,2018,1424662,47,24,2,3390958,3160067,5490076
SC,2018,4652360,42,155,31,8580829,2674231,13989511
SD,2018,1272848,110,30,4,2766567,1591363,3824804
TN,2018,6548004,186,97,3,10961559,22437424,18102460
TX,2018,26119839,557,326,11,38462301,14469114,66180796
UT,2018,3053828,64,63,15,6399687,3175961,15358368
VA,2018,8374184,84,275,23,15785390,16933624,33943329
VI,2018,106405,0,4,3, , , 
VT,2018,676017,183,3,4,2975733,1195738,3526357
WA,2018,7310506,53,295,30,12268162,4497017,37338635
WI,2018,5816231,378,81,5,17861672,58724841,30108208
WV,2018,1852994,97,74,9,4896731,7071471,4944242
WY,2018,579315,23,53,2,2228632,893215,3338772
AK,2017,649636,79,16,1,2241681,1190695,3403598
AL,2017,4858979,222,73,15,8835816,4551754,14583055
AR,2017,2925255,54,181,3,6078553,1426355,10358181
AS,2017,60300,1,1,0,43208,1265,67848
AZ,2017,10986792,85,136,11,7585916,4377983,24588717
CA,2017,39507301,165,959,50,62110372,13594513,151058515
CO,2017,5505446,96,165,13,9517379,2815454,31975615
CT,2017,4352795,192,47,4,12958177,2234013,21051597
DC,2017,693972,1,25,0,1049225,28621,3593201
DE,2017,952079,19,13,2,1434022,496671,4117904
FL,2017,20790357,59,474,21,28147847,5201706,66753349
GA,2017,10508053,62,334,9,16218983,771609,28816233
GU,2017,164229,1,5,0,272720,200,81572
HI,2017,1428557,1,49,2,2921878,82228,4135229
IA,2017,3089315,543,24,4,11704866,14712292,17245764
ID,2017,1424168,99,49,12,4232266,515011,8029503
IL,2017,11714654,622,162,17,39946369,21830848,66174632
IN,2017,6207897,235,190,29,21369975,8637093,31849195
KS,2017,2503572,324,46,8,8808817,33481802,13737900
KY,2017,4436974,119,84,74,8919189,12955130,17909495
LA,2017,4705141,67,268,26,11736841,3163760,17211007
MA,2017,6783954,370,91,7,29802168,18451578,40457299
MD,2017,5979685,14,176,20,10729087,1549919,26089963
ME,2017,1350152,262,4,1,6164659,2211793,6801263
MI,2017,9845888,394,249,8,27948095,8403781,46052561
MN,2017,5863045,129,227,8,13772728,5230144,23357139
MO,2017,5494417,138,226,24,15706443,4148257,26134084
MP,2017,53883,1,2,0,92141,5000,104224
MS,2017,3007796,52,184,3,5484276,625855,8581994
MT,2017,988533,82,35,6,2505404,1432327,4215484
NC,2017,10155942,70,319,20,15526913,6418337,32621293
ND,2017,687790,79,8,12,2226687,888594,2169343
NE,2017,1574606,245,19,8,5541132,4473071,7733678
NH,2017,1443959,225,5,0,5672611,4795955,7028800
NJ,2017,9403702,295,142,12,25711909,6334887,42190832
NM,2017,1499356,96,28,1,4143329,685363,7036582
NV,2017,2952338,20,64,3,3914625,655320,9684935
NY,2017,19542753,755,312,11,68128577,28445930,100012193
OH,2017,11510467,239,477,56,39581237,81436463,71895854
OK,2017,3232638,119,95,3,6422730,3456273,13491194
OR,2017,3807788,135,87,6,8961081,7111538,20269191
PA,2017,12427301,449,172,23,24237863,26462269,42251845
RI,2017,1424662,47,24,2,3461135,2593546,5669309
SC,2017,4652360,41,153,31,8637233,1722307,14567585
SD,2017,1265489,111,30,4,2752455,1244411,3699962
TN,2017,6485230,186,98,3,11262031,21177890,19396554
TX,2017,25699219,556,326,11,38410864,10331800,70521177
UT,2017,3004784,64,62,15,6404258,1647256,15327363
VA,2017,8317328,85,274,23,16307762,9779562,34563079
VT,2017,686918,183,3,4,2667177,245487,3673501
WA,2017,7200631,55,293,31,12695951,3851806,37987670
WI,2017,5783278,378,81,5,18083885,62894780,30877274
WV,2017,1852994,97,75,8,4946854,3799222,5231251
WY,2017,585501,23,53,2,2246273,481712,3367413
AK,2016,655885,88,16,1,2197352,676269,3492104
AL,2016,4849377,223,72,16,9051779,3956569,15648457
AR,2016,2923845,54,181,3,6003247,597081,10596035
AS,2016,60200,1,1,0,42718,1265,63166
AZ,2016,10783977,85,136,11,7662617,2410119,25320786
CA,2016,39239277,166,953,49,62769688,10732662,155615470
CO,2016,5425397,97,164,13,10526011,2651543,32013932
CT,2016,4369520,192,47,4,13121586, ,21603777
DC,2016,681170,1,25,0,1862550,244210,3930763
DE,2016,945314,19,13,2,1531692,473424,4125899
FL,2016,20206713,60,473,20,29261437,3132511,70991029
GA,2016,10379084,62,339,9,16838589,728706,27987249
GU,2016,159358,1,5,0,269270,200,71813
HI,2016,1431603,1,49,2,2967198,58452,4490320
IA,2016,3081393,543,24,3,11760130,8565239,17753953
ID,2016,1393551,99,48,10,4299534,365756,8597955
IL,2016,11716048,622,158,17,40486582,16130126,67336620
IN,2016,6207897,235,192,31,22692975,7102791,33363879
KS,2016,2507735,328,48,7,8999967,29420713,13701512
KY,2016,4425092,119,86,73,9051379,11678625,18028488
LA,2016,4703681,68,270,27,11746077,1735632,20263285
MA,2016,6720911,370,94,6,30289951,28495452,40432790
MD,2016,5928814,14,176,19,10459167,1359524,27481583
ME,2016,1350152,262,4,1,6144983,2027088,6860133
MI,2016,9866725,394,252,8,29485883,5588767,46734166
MN,2016,5779907,129,227,8,14339145,4803133,24063019
MO,2016,5474595,137,225,25,16018931,3580508,27065546
MS,2016,2968537,52,184,3,5599350,166898,8915406
MT,2016,988533,82,35,6,2627187,1359722,4298268
NC,2016,10070144,70,316,20,15583977,4182556,33605264
ND,2016,679618,79,5,11,2222325,814583,2215277
NE,2016,1539445,245,19,7,5605746,4006759,7874580
NH,2016,1455659,228,5,0,5644856,3976422,7246377
NJ,2016,9401743,295,143,12,26512789,4304837,42445297
NM,2016,1649299,97,28,1,4182940,415915,7179663
NV,2016,2897584,20,64,3,4149355,262245,9733359
NY,2016,19529286,755,313,10,68858103,24014644,103081304
OH,2016,11510467,239,475,56,40060067,74262627,74119719
OK,2016,3210425,119,96,4,7350582,2871042,13112511
OR,2016,3849523,135,96,7,9517350,5584626,20621338
PA,2016,12450517,450,170,22,24616600,16604823,44145054
RI,2016,1431901,47,23,1,3560508,1976463,5778025
SC,2016,4652360,41,151,30,8961952,1017237,15802934
SD,2016,1241853,112,30,4,2755106,1174070,3727256
TN,2016,6438295,186,99,3,11647856,25241757,18701973
TX,2016,25324740,556,323,11,39726650,6822635,70984421
UT,2016,2977082,64,65,16,6493807,1416315,16141327
VA,2016,8251562,84,272,22,17096524,6245802,35649602
VT,2016,686918,183,3,4,2631708,174739,3721332
WA,2016,7076016,54,291,26,12825407,3175050,38703324
WI,2016,5749078,378,81,5,18401122,51994105,31443416
WV,2016,1852994,97,75,8,4916665,3424301,5231443
WY,2016,586107,23,53,2,2310844,532641,3536788
AK,2015,654479,86,16,1,2395272,502695,3120386
AL,2015,4833722,222,74,16,9330807,3414634,16529493
AR,2015,2833849,54,179,2,6371116,591038,10383499
AS,2015,60863,1,1,0,41938,1217,63563
AZ,2015,10652448,85,136,11,8195813,1698298,26425068
CA,2015,38697702,166,949,51,63675919,5598601,162526811
CO,2015,5326282,97,162,13,9951997,1707614,32347301
CT,2015,4375652,192,47,4,14309277,1549066,21869154
DC,2015,672228,1,25,0,1862550,244210,4189520
DE,2015,935043,19,13,2,1646103,544719,4115052
FL,2015,20061119,60,475,23,30794327,2431664,73400951
GA,2015,10250112,62,338,11,16522129,412040,29147787
GU,2015,159358,1,5,0,266695,200,72223
HI,2015,1419561,1,49,2,3197205,38509,4940616
IA,2015,3091381,543,24,3,11982974,6452994,18107047
ID,2015,1366746,100,45,10,4351952,421811,8657494
IL,2015,11708841,622,157,19,42366082,11905527,70379834
IN,2015,6222089,236,191,26,23209611,5235660,34932970
KS,2015,2497316,328,48,5,9150452,43146554,14018272
KY,2015,4413457,119,86,75,9170937,9038104,18584048
LA,2015,4692850,68,272,27,11833399,1256550,20224732
MA,2015,6720911,370,94,4,30872149,16204148,40693986
MD,2015,5922168,14,174,16,11921844,2734237,28145478
ME,2015,1345231,262,6,1,6221864,1588418,6719983
MI,2015,9747938,389,252,9,31842188,3562388,48242810
MN,2015,5781457,129,226,8,14362914,3983900,24472891
MO,2015,5476144,139,222,26,16287823,1871690,28446757
MS,2015,3010927,52,184,2,5703858,152247,9057776
MT,2015,988533,82,32,4,2622221,961855,4220996
NC,2015,9953687,69,316,21,16021416,16550082,35671727
ND,2015,670109,77,4,11,2223262,472148,2213327
NE,2015,1564374,260,19,7,5826917,3446732,8309742
NH,2015,1448586,227,5,0,5891592,3731108,7417674
NJ,2015,9401743,295,143,12,27504614,3636107,44045921
NM,2015,1643292,95,29,1,4293846,243131,7365968
NV,2015,2842285,19,66,3,4115827,266935,9918132
NY,2015,19519880,755,308,8,69312915,16623212,103912991
OH,2015,11509951,239,474,50,41023868,47362218,77708926
OK,2015,3201818,118,96,4,7093291,2389725,13574945
OR,2015,3797508,129,95,7,9838424,3884222,20538005
PA,2015,12446680,451,170,22,25297878,8271274,44497330
RI,2015,1431901,47,23,1,4240572,1673329,5888256
SC,2015,4652360,40,152,31,9107672,583879,17234633
SD,2015,1239099,112,31,4,2767568,1163720,3696459
TN,2015,6374660,185,99,3,11721622,21551660,19035041
TX,2015,24842461,554,323,8,39757839,4555785,71943760
UT,2015,2922067,64,62,16,6633404,1148363,17501831
VA,2015,8164556,83,274,22,17209663,4609962,37598145
VT,2015,686918,183,3,4,2978925,93292,3678613
WA,2015,6955368,54,291,26,13261100,2536151,39900470
WI,2015,5749006,378,82,5,18781351,53651590,31898594
WV,2015,1852994,97,76,8,5004721,4055331,5454660
WY,2015,584153,23,52,2,2383899,407183,3556145
AK,2014,652274,85,16,1,2434236,351606,3491307
AL,2014,4822023,221,76,14,9442086,2714815,17217402
AR,2014,2833849,54,179,2,6304377,532433,10973629
AS,2014,61811,1,1,0,40880,0,70487
AZ,2014,10501253,85,135,11,8229850,1367378,27609711
CA,2014,38322887,167,950,53,65409430,2978360,164300175
CO,2014,5238320,97,162,13,10316703,1390637,32981666
CT,2014,4374214,192,47,4,14577630,1312468,21972583
DC,2014,658893,1,25,0,1815540,177086,4230790
DE,2014,925244,19,13,2,1642715,415170,3834672
FL,2014,19813366,63,468,24,31602986,1797802,75553933
GA,2014,10345555,63,332,13,16603157,335265,29490195
GU,2014,159358,1,5,0,263486,1335,103593
HI,2014,1404054,1,49,2,3313134,22966,4875365
IA,2014,3096479,543,24,3,12000156,4667772,18047771
ID,2014,1364648,100,44,11,4323706,242096,8730670
IL,2014,11711641,625,157,19,43503775,7157642,72605776
IN,2014,6219453,236,191,25,24369165,4227186,35441059
KS,2014,2495794,327,49,5,9300570,302365,13931862
KY,2014,4395295,119,87,75,9032867,6915930,19283936
LA,2014,4671955,68,272,28,11895895,879540,17242110
MA,2014,6672700,370,94,4,31284463,7479050,42011647
MD,2014,5828289,15,172,16,12735957,1906659,27793912
ME,2014,1339278,264,6,1,6311244,1250177,6913327
MI,2014,9849089,385,259,9,32565459,2803502,50132634
MN,2014,5739502,129,227,8,14612520,3471705,24566264
MO,2014,5476144,139,223,27,16795429,273974,29533421
MP,2014,53883,1,1,0, , , 
MS,2014,3001323,52,183,2,5641524,60677,9191161
MT,2014,996627,82,33,4,2566095,953053,4703036
NC,2014,9861952,69,316,23,16751726,3335644,35106249
ND,2014,650604,78,4,11,2303520,384491,2186038
NE,2014,1541684,267,19,7,5915734,2697124,8333692
NH,2014,1445227,228,5,0,5860768,4248095,7509774
NJ,2014,9414939,296,143,12,28228099,3162812,45848755
NM,2014,1670727,95,27,1,4309295,197152,7351791
NV,2014,2795962,18,67,3,4297937,215253,10525170
NY,2014,19521570,755,310,7,70815265,14596150,106453546
OH,2014,11525088,239,470,53,42782249,40371164,82495138
OK,2014,3160556,116,96,4,7152132,1647955,13687407
OR,2014,3754296,127,95,7,9872900,3895007,21640633
PA,2014,12446680,451,170,23,25780211,5301993,44791865
PR,2014,3970205,58,78,1,169218,30152,431263
RI,2014,1431901,47,23,1,4233090,1226544,6025726
SC,2014,4652360,40,152,31,9106716,493708,18178677
SD,2014,1214319,112,32,5,2807214,975976,3914777
TN,2014,6333476,186,100,3,11761312,15245473,19528492
TX,2014,24379565,554,319,7,40413604,3425405,73078235
UT,2014,2880340,57,70,16,6643558,557338,17654845
VA,2014,8088031,83,274,22,17539588,1997762,37405643
VI,2014,106405,0,5,1, , , 
VT,2014,687129,181,3,4,2940126,82117,3779545
WA,2014,6862264,54,290,27,13429660,1787761,41280937
WI,2014,5728745,378,82,6,18796863,47106859,32854187
WV,2014,1852994,97,76,8,5034331,4801068,5367596
WY,2014,582658,23,53,2,2496972,171815,3666825
AK,2013,652860,84,16,1,2439730,358779,3376309
AL,2013,4802740,221,75,13,9723150,1776750,16617640
AR,2013,2791901,53,164,1,6578816,331532,10574105
AS,2013,66692,1,1,0,39890,0,59264
AZ,2013,10370306,85,134,10,8446171,1076863,27606792
CA,2013,37966034,166,949,56,67640760,1761806,165501141
CO,2013,5166948,97,155,13,10823244,1228287,32772334
CT,2013,4374031,193,46,4,15264395,1004857,23092578
DC,2013,632323,1,25,0,1802305,80939,2477389
DE,2013,917060,19,13,2,1642391,263193,3717974
FL,2013,19526098,60,469,26,31350819,1481712,78893035
GA,2013,10660977,61,330,16,16089310,272955,30987147
GU,2013,159358,1,5,1,260586,0,98969
HI,2013,1392313,1,49,2,3371766,15830,5153386
IA,2013,3059530,543,24,3,12033109,2916000,18783522
ID,2013,1392845,100,44,12,4357460,78622,8898059
IL,2013,11711119,625,154,19,43400357,4265531,75531075
IN,2013,6215003,237,195,29,24066234,2124076,36944165
KS,2013,2487027,328,48,3,9339647,121624,14228833
KY,2013,4380932,119,86,75,8878375,5351514,19377816
LA,2013,4647844,68,270,25,11649410,523986,16838235
MA,2013,6585053,370,91,4,32124590,3641624,42544324
MD,2013,5800838,14,174,19,12926952,1527589,28491536
ME,2013,1340024,266,6,1,6404097,1127476,7055329
MI,2013,9854251,384,257,9,33410694,2013134,52947161
MN,2013,5702503,128,228,8,14779421,3299010,25305752
MO,2013,5473349,140,223,24,17194119,342116,30299106
MP,2013,53883,1,1,0, , , 
MS,2013,2989396,49,186,2,5686530,47942,9652486
MT,2013,994226,82,32,4,2630100,861509,4655040
NC,2013,9765229,69,315,25,16516721,2897629,35655287
ND,2013,640923,81,4,11,2372102,300230,2211560
NE,2013,1529192,267,19,7,5919866,1819821,8648076
NH,2013,1442295,230,5,0,5957677,3141169,7527157
NJ,2013,9414939,296,145,12,28590655,2189226,46701193
NM,2013,1646422,92,26,1,4311902,88270,7305862
NV,2013,2745164,18,69,3,4127780,135641,10817924
NY,2013,19504490,755,306,6,70954927,9467822,111167172
OH,2013,11529465,238,472,55,43542589,30201183,86418753
OK,2013,3126163,117,94,2,7270854,999774,14177885
OR,2013,3722398,127,93,8,9957503,3215673,22356999
PA,2013,12407724,451,175,24,26391949,4173402,46093666
PR,2013,3990993,58,76,1,258647,30696,525628
RI,2013,1431901,47,23,2,4364340,1036315,6120355
SC,2013,4652360,40,153,29,9205537,291232,18489563
SD,2013,1200578,111,35,6,2847529,747180,4015874
TN,2013,6293455,186,100,3,11640332,94594,20063205
TX,2013,23948522,553,315,9,40096556,1917165,73617788
UT,2013,2825267,59,65,16,6710732,424805,18500437
VA,2013,8019392,81,278,23,18059238,1307040,38403502
VI,2013,106405,0,5,1, , , 
VT,2013,686726,181,3,4,2980733,57468,3816219
WA,2013,6761961,51,289,27,14271346,1411527,41881580
WI,2013,5712889,378,82,6,18997488,25776443,34663310
WV,2013,1852994,97,78,7,5080525,2974057,5589090
WY,2013,576412,23,53,2,2459456,126522,3633418
AK,2012,648733,84,16,1,2429067,305084,3358432
AL,2012,4779736,219,76,15,9670575,890041,17010830
AR,2012,2791492,53,166,1,6515623,157444,10816729
AZ,2012,6487674,86,135,9,8419356,2125526,28121005
CA,2012,37678127,165,938,56,68912421,1355018,163570057
CO,2012,5094369,98,153,14,11366952,622817,32774319
CT,2012,4365333,194,46,5,15385665,760615,24404598
DC,2012,632323,1,24,0,1334479,19516,2546796
DE,2012,897934,19,13,2,1697047,320921,4561619
FL,2012,19337915,57,470,27,32480784,1394066,82460245
GA,2012,10459546,61,332,16,16636791,273671,33351403
GU,2012,159358,1,5,1,258241,1278,75472
HI,2012,1374810,1,49,3,3393557,11688,5347164
IA,2012,3040758,542,24,3,12179219,2021109,19518720
ID,2012,1393630,100,44,10,4362059,45200,9441138
IL,2012,11702600,623,157,23,43862523,2382274,77447598
IN,2012,6217572,237,197,28,24321183,1248050,38663561
KS,2012,2467707,328,48,3,9504858,47911,14731174
KY,2012,4369356,119,84,75,8803432,3239772,19870274
LA,2012,4624437,68,270,27,11934264,324964,16829969
MA,2012,6584601,370,93,5,32731512,2505373,42650826
MD,2012,5701638,14,173,18,13022453,588507,29209021
ME,2012,1338937,266,6,0,6290332,830136,7129155
MI,2012,9908817,387,260,10,33769929,1236188,55525753
MN,2012,5796131,128,228,9,15164085,2750805,26211333
MO,2012,5466502,138,224,26,17274885,417834,30385105
MP,2012,53883,1,1,0, , , 
MS,2012,3003396,48,188,1,5734473,46994,9669062
MT,2012,994226,82,32,2,2699652,801212,4678960
NC,2012,9669244,66,318,26,16519371,2791829,40644178
ND,2012,623606,81,6,11,2363587,233813,2385110
NE,2012,1453012,268,19,7,5978584,962807,8763610
NH,2012,1442295,230,5,0,5973388,2064533,7580567
NJ,2012,9418243,297,145,11,29075031,1728958,48061530
NM,2012,1654598,92,26,2,4344909,55624,7506392
NV,2012,2721794,19,69,3,4440649,120084,11127581
NY,2012,19514845,755,309,6,70074025,5040194,115247666
OH,2012,11547241,239,473,53,44119981,17711215,87376219
OK,2012,3083077,118,94,2,7441247,243907,14378840
OR,2012,3695088,124,96,7,9934053,2567018,23255307
PA,2012,12411451,451,178,28,26694311,2786212,46879095
PR,2012,4034646,58,65,1,282801,30561,592608
RI,2012,1431901,47,22,2,4428345,431489,6092066
SC,2012,4652360,40,151,31,9342884,181263,18301086
SD,2012,1190539,112,34,4,2987839,35673,3998307
TN,2012,6231419,185,102,3,11524827,80117,20895473
TX,2012,23544049,557,308,9,40788513,1144262,75186773
UT,2012,2814871,63,62,17,6963856,334548,19142011
VA,2012,7875242,81,275,24,18332414,1058411,39646073
VI,2012,106405,0,5,1, , , 
VT,2012,687182,181,3,4,3026581,90263,3926690
WA,2012,6697131,52,288,29,14841947,734296,43095638
WI,2012,5703525,379,82,6,19264599,20230446,35648456
WV,2012,1808350,97,78,7,5139597,3365,5830894
WY,2012,568158,23,53,2,2487899,4125,3640021
AK,2011,722190,87,16,1,2405430,118180,3389114
AL,2011,4708708,215,78,13,9808220,630586,17270708
AR,2011,2791492,55,166,1,6670873,89501,10924438
AZ,2011,6452095,88,134,10,9627887,767659,28171694
CA,2011,37510315,166,941,58,70531405,793238,168112788
CO,2011,5023908,99,151,14,11453784,289099,32540638
CT,2011,4365333,194,46,5,15486123,199189,24400545
DC,2011,617996,1,23,0,1465874,15316,2642586
DE,2011,897934,19,13,2,1656528,4383,4421366
FL,2011,19131441,57,464,27,32482807,1088163,84732946
GA,2011,10263024,61,339,19,16660274,129357,34613811
GU,2011,159358,1,5,1,255277,0,80016
HI,2011,1363621,1,49,3,3375062,9141,4869095
IA,2011,3035424,542,22,3,12268368,297982,19965363
ID,2011,1385426,101,42,11,4369651,25381,8891934
IL,2011,11708975,626,161,23,44137446,849606,83234090
IN,2011,5814664,238,195,26,24342115,247565,38424569
KS,2011,2448177,328,48,3,9629194,18241,15185918
KY,2011,4339367,118,84,77,8953129,342160,19828028
LA,2011,4597547,68,273,29,11875522,141861,16370050
MA,2011,6591875,370,94,4,32639707,1240181,41709744
MD,2011,5633597,14,171,18,12952726,293274,30552823
ME,2011,1345012,266,6,0,6294045,346974,7079003
MI,2011,9916570,386,266,10,34097903,624873,58310459
MN,2011,5792542,128,230,9,15457078,2388505,27494785
MO,2011,5477565,140,223,26,17068855,219013,31338862
MP,2011,53883,1,1,0, , , 
MS,2011,2985340,47,189,1,5697599,43553,10078558
MT,2011,994226,81,30,2,2781359,420504,4599660
NC,2011,9586227,66,319,27,16620298,375991,41600759
ND,2011,605943,81,10,11,2420597,119002,2364311
NE,2011,1455023,268,18,7,6103479,459127,8758371
NH,2011,1444037,230,5,0,6012157,885130,7917451
NJ,2011,9289883,297,142,14,29112554,909614,49260931
NM,2011,1609577,92,25,1,4600113,17325,8012561
NV,2011,2724634,19,69,3,4522526,136315,11096750
NY,2011,19130606,755,311,6,71909164,2533051,115100696
OH,2011,11539589,239,476,54,44570058,6155509,88241658
OK,2011,3076121,117,91,2,7394194,71605,13891408
OR,2011,3642068,122,94,8,9914989,1202795,23750882
PA,2011,12450859,451,183,28,27362982,1555385,47832086
PR,2011,3891901,55,51,1,372726,30056,689439
RI,2011,1431901,47,25,2,4585287,237373,6104226
SC,2011,4652360,42,150,31,9479848,69175,18222718
SD,2011,997024,112,33,4,3045745,32692,4038539
TN,2011,6314404,185,102,3,11444615,47979,21049539
TX,2011,23241661,559,309,8,41366874,554889,76537791
UT,2011,2790276,58,67,17,6800028,63370,19616525
VA,2011,7786699,80,274,30,18722948,831508,41393505
VI,2011,106405,0,5,1, , , 
VT,2011,729948,182,3,5,3070730,9835,3880208
WA,2011,6647030,53,282,26,13983111,379757,44773438
WI,2011,5694236,379,81,6,19648257,6808622,35907727
WV,2011,1808350,97,78,6,5355772,66662,5808957
WY,2011,563626,23,53,2,2449702,558,3832722
AK,2010,710231,90,16,1,2507437,99411,3464415
AL,2010,4661900,214,78,14,9684762,447204,17318112
AR,2010,2780891,55,166,1,6626025,27274,10516729
AZ,2010,6473587,87,133,11,8970028,277175,29173271
CA,2010,38647288,165,942,60,74753745,754316,178979300
CO,2010,4994131,100,150,14,11751815,244741,33214090
CT,2010,4293999,195,47,9,15604653,33813,24971599
DC,2010,601723,1,24,0,1904030,12782,2756018
DE,2010,780379,19,13,2,1857957,3805,4492732
FL,2010,19049688,60,465,31,33057478,1014811,87890280
GA,2010,10069700,61,331,17,16764666,32469,39392010
GU,2010,180692,1,5,1,204503,0,84019
HI,2010,1295178,1,50,3,3465926,13516,5337300
IA,2010,2985761,541,22,4,12199714,22813,19787718
ID,2010,1388152,102,39,11,4328199,19751,8810745
IL,2010,11802452,634,161,23,45333092,652788,83072172
IN,2010,5814664,238,196,32,25628160,116610,40505627
KS,2010,2391568,328,47,4,10171769,8340,15490365
KY,2010,4307968,117,83,81,9027972,149133,19764339
LA,2010,4550550,68,268,28,11912594,64517,16771877
MA,2010,6618134,370,95,4,32846936,221579,42979071
MD,2010,5633514,15,169,18,13954140,91595,33662473
ME,2010,1372995,266,6,0,6449323,158463,6952079
MI,2010,9935266,380,274,11,35339085,347536,59474967
MN,2010,5773465,128,229,11,15592282,2149244,28325453
MO,2010,5124595,138,223,27,17384031,202712,31632378
MP,2010,53883,1,1,0, , , 
MS,2010,2968217,47,188,2,5569213,17082,9846723
MT,2010,900302,80,30,2,2793709,304178,4528004
NC,2010,9382609,66,321,29,16754991,338882,44295133
ND,2010,585436,80,10,12,2467859,55277,2445613
NE,2010,1479165,268,18,7,6212552,401272,8801357
NH,2010,1450770,230,5,0,6016349,219966,8115058
NJ,2010,9011359,300,148,12,30072835,293163,50754181
NM,2010,1588981,91,27,1,4518130,11907,8324986
NV,2010,2717656,19,67,4,4544795,79647,11601757
NY,2010,19121677,755,311,6,73077567,1094527,117795146
OH,2010,11551941,240,480,58,45224425,2876069,88255852
OK,2010,3038187,116,91,6,7352210,9520,15808147
OR,2010,3657597,122,94,8,10052777,635724,25034546
PA,2010,12054201,451,183,29,27790282,642913,47188171
PR,2010,4141264,54,36,1,286707,7,465160
RI,2010,1430385,47,26,2,4636067,82642,6279148
SC,2010,4316219,41,152,31,9575400,70711,18282842
SD,2010,769444,112,35,6,3085554,57075,4045100
TN,2010,6270431,186,103,3,11836785,31539,21161771
TX,2010,23046594,563,304,8,41981353,246389,79148930
UT,2010,2782823,58,68,17,6873251,84244,19463143
VA,2010,7729858,80,274,30,18921470,881294,42597164
VI,2010,106405,0,5,1, , , 
VT,2010,726115,182,3,5,3089417,4386,3865988
WA,2010,6608234,53,282,26,14890067,176406,45159401
WI,2010,5695950,378,82,6,19793933,2746153,36462668
WV,2010,1808350,97,77,7,5263708,25016,6154742
WY,2010,544270,23,53,2,2497545,456,3872783
AK,2009,692314,87,16,1,2531560,24497,3531925
AL,2009,4627854,209,74,16,9545805,435850,16944715
AR,2009,2689282,49,168,3,6578483,31192,10660058
AZ,2009,6695336,84,131,10,8806682,284188,29624406
CA,2009,38291890,166,956,65,75298691,490410,182181408
CO,2009,4951458,100,152,12,11915668,166486,32811620
CT,2009,4301371,195,47,9,15645789,49577,24658811
DC,2009,599657,1,24,0,2129573,11059,2944774
DE,2009,782397,19,13,2,1701264,2147,4357495
FL,2009,19008947,60,463,29,32642991,863061,89381144
GA,2009,9446298,61,328,17,16341056,28145,40922598
GU,2009,175459,1,5,1,210079,0,60763
HI,2009,1288198,1,50,2,3382741,12585,6019676
IA,2009,3048640,541,20,4,12143110,18795,19466908
ID,2009,1371458,102,39,11,4275337,14532,9149417
IL,2009,11766433,634,160,24,45250430,575988,82481517
IN,2009,5822055,238,194,32,25672189,115016,42204890
KS,2009,2376749,328,50,5,10313740,17614,15673977
KY,2009,4231743,117,81,83,8849006,147578,19113478
LA,2009,4514209,68,265,28,11651158,66782,15591805
MA,2009,6521887,370,95,4,32968559,142647,42237888
MD,2009,5616727,15,169,18,13891606,64413,34474171
ME,2009,1361714,269,6,0,6535940,126207,7193930
MI,2009,9938604,379,276,12,35539487,273304,59125530
MN,2009,5776114,128,232,13,15534742,2037270,29544412
MO,2009,5124595,138,222,29,17591577,219068,30347136
MP,2009, , , , , , , 
MS,2009,2959946,47,190,2,5556483,17882,9456124
MT,2009,900302,80,30,2,2731190,261886,4386504
NC,2009,9227016,66,323,34,16907341,288535,44408938
ND,2009,583330,84,9,13,2575011,40902,2513725
NE,2009,1466755,269,18,7,6345141,387262,9182199
NH,2009,1437436,230,5,0,6216733,33962,7677930
NJ,2009,9016064,301,150,12,30229507,124677,51019258
NM,2009,1568545,91,27,1,4615028,5865,7800479
NV,2009,2711056,19,67,5,4781506,67410,11584739
NY,2009,19097977,755,312,6,75760289,705764,119810969
OH,2009,11542032,239,485,64,45818148,1321651,92402369
OK,2009,3005997,115,91,5,7277804,11695,21171452
OR,2009,3639023,123,88,9,9927444,40060,24681438
PA,2009,12094096,453,179,33,28179842,769402,49246073
PR,2009,7521620,48,13,1,260985,180,445879
RI,2009,1298048,48,24,2,4333934,13763,6813919
SC,2009,4318338,41,152,31,9429631,65639,18105931
SD,2009,751902,112,36,8,3095596,55842,3976320
TN,2009,6189071,186,103,5,11753799,49609,21545326
TX,2009,22650832,559,306,8,41749029,255670,79151722
UT,2009,2734137,57,64,18,6744272,65251,19037603
VA,2009,7660382,79,269,29,19150672,860664,42300780
VI,2009, , , , , , , 
VT,2009,718907,182,3,5,2963910,8194,3932070
WA,2009,6544250,54,281,26,15376906,81463,44123917
WI,2009,5687715,377,80,8,19955835,3387509,36481000
WV,2009,1808350,97,76,7,5212807,10087,6081791
WY,2009,532668,23,53,2,2484239,437,3756294
AK,2008,679720,86,16,2,2491164,14204,3472740
AL,2008,4437691,209,79,16,9615216,425341,15477454
AR,2008,2703770,46,170,3,6449815,31394,9908666
AZ,2008,6489400,81,126,10,8619469,260136,26196458
CA,2008,38048664,167,950,63,74197108,404320,171873378
CO,2008,4861210,101,149,10,12039091,145793,30665954
CT,2008,4307236,195,47,9,15608847,55886,23774657
DC,2008,588292,1,26,1,2063269,1999,2704709
DE,2008,789788,19,14,2,1991350,1,4360697
FL,2008,18981816,60,458,29,32736454,842813,84363237
GA,2008,9319532,59,328,17,16087473,72424,36979778
GU,2008,25984,1,5,1,211772, ,70061
HI,2008,1283388,1,50,2,3398837,9139,5891392
IA,2008,2964393,539,20,4,12235077,44663,18533839
ID,2008,1352012,102,38,10,4191906,5929,8549988
IL,2008,11681379,634,157,24,45263499,506152,77552921
IN,2008,5822055,238,196,35,25873311,91767,41168334
KS,2008,2367493,327,49,5,10381308,12300,14670670
KY,2008,4204319,116,80,87,8674170,132860,18512133
LA,2008,4433144,68,264,28,11640929,58960,14631927
MA,2008,6475422,370,104,4,32713115,138169,42169245
MD,2008,5600388,15,168,18,14377604,31972,32814310
ME,2008,1375269,272,6,0,6504982,2983,7187590
MI,2008,9961909,379,278,14,34555522,193820,54390124
MN,2008,5641935,128,232,13,14762302,2065410,28793229
MO,2008,5121498,140,219,29,18034229,228625,28353441
MP,2008, , , , , , , 
MS,2008,2960036,47,190,2,5529883,13183,8859413
MT,2008,900302,80,30,2,2731780,259230,4063228
NC,2008,9069398,66,323,35,16833062,256183,37600315
ND,2008,570584,80,10,13,2452570,41654,2426199
NE,2008,1387898,270,17,8,6643297,370749,8983130
NH,2008,1441692,231,5,0,6209619,49063,7301682
NJ,2008,9029752,303,151,12,30341614,113658,49288639
NM,2008,1554814,91,27,3,4577785,5572,7486926
NV,2008,2738733,19,66,5,5405470,62112,10955919
NY,2008,19078647,753,316,8,74634849,592937,117214130
OH,2008,11511499,241,484,64,46893342,631233,92279510
OK,2008,2978712,115,91,5,7248869,7307,14550985
OR,2008,3350983,123,89,11,9407343,25473,22267206
PA,2008,12060399,452,177,34,29837309,717435,48315144
PR,2008,2709632,35,9,0,273009,127,427958
RI,2008,1298048,48,24,2,4419968,9675,6330024
SC,2008,4414387,41,148,33,9420581,64949,16769920
SD,2008,716971,114,36,8,3134055,61076,3922009
TN,2008,6082057,187,102,6,11594877,65388,20454468
TX,2008,22261813,561,303,12,41796507,224122,74220681
UT,2008,2636319,55,61,18,6555620,38942,17486786
VA,2008,7661394,79,264,31,19181230,836355,39888117
VI,2008, , , , , , , 
VT,2008,730847,180,3,7,2900490,46,3893460
WA,2008,6458043,55,279,26,16433203,63835,42271449
WI,2008,5674228,378,80,8,19843392,3008483,35467185
WV,2008,1808350,97,76,7,5119205,5135,6007868
WY,2008,522830,23,53,2,2446747,440,3559970
AK,2007,676987,87,17,2,2444753,5694,3432380
AL,2007,4298340,207,79,16,9494837,424836,15305968
AR,2007,2693617,44,170,3,6223661,23978,9405280
AZ,2007,6286572,78,120,9,9144734,256857,24754129
CA,2007,37661714,167,940,63,74960844,344288,159251887
CO,2007,4756390,101,147,11,11728040,151863,28943009
CT,2007,4294806,195,50,7,15527582,45757,22894632
DC,2007,581530,1,26,1,2097109,0,2144005
DE,2007,789788,19,14,2,1921377,1,4416781
FL,2007,18829352,60,447,31,31994913,788392,78933826
GA,2007,9098140,58,327,19,15663520,40716,35703912
GU,2007, , , , , , , 
HI,2007,1285498,1,50,2,3375658,9473,5729828
IA,2007,2851214,539,20,5,12297187,38882,17871809
ID,2007,1329416,102,37,8,4100222,1237,7938966
IL,2007,11584386,623,158,24,43154676,617662,75078913
IN,2007,5813202,239,194,39,25359868,82427,39219775
KS,2007,2356166,326,49,5,11105743,11661,14939289
KY,2007,4168865,116,80,84,8601945,121147,17769379
LA,2007,4325163,67,260,27,11449837,43358,14449951
MA,2007,6461287,370,106,4,32435921,98331,39539172
MD,2007,5558058,15,168,16,14549555,43369,28842693
ME,2007,1377895,272,6,0,6494519,912,6964104
MI,2007,9963075,381,277,16,34387914,162604,51777262
MN,2007,5650065,129,230,14,15835524,2083476,28266377
MO,2007,5125706,140,220,29,18433496,200309,27032571
MP,2007, , , , , , , 
MS,2007,2939898,47,191,2,5702657,8969,8210656
MT,2007,900302,80,29,2,2780578,239212,3934580
NC,2007,8860341,66,322,35,16535809,192798,36290362
ND,2007,569581,79,10,13,2367963,40973,2669102
NE,2007,1338331,271,17,8,6735000,303152,9567718
NH,2007,1435996,230,5,0,6116351,35057,6768569
NJ,2007,9036929,303,151,12,30673138,78761,46603746
NM,2007,1532478,91,26,3,4581565,5592,7141366
NV,2007,2718336,19,66,5,4632523,44705,10406240
NY,2007,19054090,752,315,9,72956329,573816,112989000
OH,2007,11500179,244,476,71,46974155,512455,87763535
OK,2007,2944109,113,91,4,7144332,7504,14276083
OR,2007,3375003,125,90,11,9504668,51113,21343970
PA,2007,12056257,452,177,34,30114174,678505,47198761
RI,2007,1315757,49,24,2,4376489,5883,6147439
SC,2007,4326179,41,145,33,9175792,61969,15731240
SD,2007,698623,123,22,8,3131019,51548,4012883
TN,2007,6006714,187,103,6,11439131,497271,19706948
TX,2007,21897575,562,302,12,41798584,195191,72001840
UT,2007,2570830,55,61,21,6587209,28824,16729941
VA,2007,7580562,78,264,31,19001696,721368,36786210
VI,2007, , , , , , , 
VT,2007,731568,180,3,9,2865252,443,3818695
WA,2007,6360694,57,275,25,17457819,48743,39543377
WI,2007,5648124,379,79,7,19595734,3171687,34300089
WV,2007,1808350,97,76,6,5022689,5064,5905309
WY,2007,515004,23,52,2,2429382,260,3280853
AK,2006,670053,90,17,2,2386779,3178,3510457
AL,2006,4371363,205,79,17,9356971,437299,14363581
AR,2006,2937179,46,168,3,6169859,21833,9042394
AZ,2006,6015326,83,114,8,8929694,92165,22664406
CA,2006,37151832,166,933,63,73705631,301355,152326008
CO,2006,4623675,101,144,11,11718773,123184,28428202
CT,2006,4292910,194,50,7,15658188,30517,22828907
DC,2006,582049,1,22,1,2172072,0,1820739
DE,2006,849234,19,14,2,1933269,1,4273303
FL,2006,18495935,60,442,31,32554005,1009161,75941406
GA,2006,8789529,58,320,20,15184798,43545,31952301
GU,2006, , , , , , , 
HI,2006,1275194,1,50,2,3308384,7751,5278260
IA,2006,2851214,539,19,5,12199803,32391,17199816
ID,2006,1294930,102,36,7,4005623,1093,7646115
IL,2006,11497996,622,163,24,43304549,408652,67737324
IN,2006,5811622,239,198,39,24575756,75261,38827856
KS,2006,2326858,325,49,5,11024093,44717,15361065
KY,2006,4136173,116,79,84,8581854,103553,16727761
LA,2006,4298200,66,265,27,11035941,25555,13270826
MA,2006,6422907,370,111,4,32318700,43728,38935027
MD,2006,5508909,16,167,16,14553710,48590,28575298
ME,2006,1378867,272,6,0,6410833,1031,6711799
MI,2006,9980884,377,279,17,33920913,176482,50241855
MN,2006,5606957,129,228,14,15721999,2009385,27705518
MO,2006,5122264,150,225,32,18048881,184697,25798533
MP,2006, , , , , , , 
MS,2006,2931545,47,189,2,5629511,8829,7907318
MT,2006,900302,80,29,2,2803209,213082,4057664
NC,2006,8590249,65,315,35,16086423,128910,33865147
ND,2006,577379,82,10,13,2332465,33349,2682984
NE,2006,1423132,269,16,8,6745469,297711,9180045
NH,2006,1433530,230,7,1,6063813,73339,6602867
NJ,2006,9040608,304,148,13,30738481,52607,46213909
NM,2006,1471868,90,25,3,4443534,35897,6934346
NV,2006,2621643,19,75,5,4472493,41160,10260257
NY,2006,19039084,753,315,9,74403406,362142,109985850
OH,2006,11476284,244,478,71,46895732,522807,86257938
OK,2006,2918548,112,91,4,7008874,6351,13611786
OR,2006,3314668,127,88,11,9208516,20595,20515441
PA,2006,12180588,452,179,34,29706419,92621,46032568
RI,2006,1307319,49,24,2,4393850,2267,6313401
SC,2006,4284727,41,145,35,9056463,49298,15213988
SD,2006,699561,124,21,8,3204577,53874,3739704
TN,2006,5949775,186,102,6,11144350,155330,18816444
TX,2006,21212700,561,302,12,41862715,146493,69196449
UT,2006,2468214,55,59,21,6466221,18043,17349960
VA,2006,7512676,78,264,31,18420242,686366,35798979
VI,2006, , , , , , , 
VT,2006,731182,180,3,10,2844730,119,3795890
WA,2006,6251236,56,274,25,17317121,46237,39608001
WI,2006,5617744,379,78,8,19947141,3044398,33926372
WV,2006,1808350,97,76,7,4935165,4516,6089422
WY,2006,507061,23,51,2,2334254,105,3246597
